Path in MiSTer, URL, Size in bytes (optional but recommended), MD5 Hash (optional but recommended), Filter Terms (optional)
games/mame/alien3.zip,https://archive.org/download/mame-roms-merged_/MAME%20ROMs%20%28merged%29/alien3.zip,10212851,655750570ba5291943b1d82ba84d6e26,
games/mame/appoooh.zip,https://archive.org/download/mame-roms-merged_/MAME%20ROMs%20%28merged%29/appoooh.zip,121145,d824adf438535a00ef4850e90bf6df1f,
games/mame/arabfgt.zip,https://archive.org/download/mame-roms-merged_/MAME%20ROMs%20%28merged%29/arabfgt.zip,9180295,ced2530f3f79c88727028ef5e1a1047a,
games/mame/archrivl.zip,https://archive.org/download/mame-roms-merged_/MAME%20ROMs%20%28merged%29/archrivl.zip,572014,26e497a949fb9b4ad8b8f804152111ed,
games/mame/arescue.zip,https://archive.org/download/mame-roms-merged_/MAME%20ROMs%20%28merged%29/arescue.zip,5235972,8047da908f7cea0d072236f2d0cb1587,
games/mame/blasted.zip,https://archive.org/download/mame-roms-merged_/MAME%20ROMs%20%28merged%29/blasted.zip,882570,1cb6c3b1b7543809df0438a89277a16d,
games/mame/bnzabros.zip,https://archive.org/download/mame-roms-merged_/MAME%20ROMs%20%28merged%29/bnzabros.zip,1392105,4f79272bb2b558b546d93ca2db7a1654,
games/mame/brickzn.zip,https://archive.org/download/mame-roms-merged_/MAME%20ROMs%20%28merged%29/brickzn.zip,1171912,f4b3de2de0c2c8ced4ea27fb2e911e30,
games/mame/brival.zip,https://archive.org/download/mame-roms-merged_/MAME%20ROMs%20%28merged%29/brival.zip,12176412,d39fd33f2d27e314041f1b60faa218e3,
games/mame/bucky.zip,https://archive.org/download/mame-roms-merged_/MAME%20ROMs%20%28merged%29/bucky.zip,7189925,7135d0c79bb4428cbc015bb3b1262888,
games/mame/cairblad.zip,https://archive.org/download/mame-roms-merged_/MAME%20ROMs%20%28merged%29/cairblad.zip,13533920,f6a7777922650c300c0a28ce8486c34b,
games/mame/crkdown.zip,https://archive.org/download/mame-roms-merged_/MAME%20ROMs%20%28merged%29/crkdown.zip,2562707,fe5a4ca14d3779edc6d31d0d69cf31dd,
games/mame/darkedge.zip,https://archive.org/download/mame-roms-merged_/MAME%20ROMs%20%28merged%29/darkedge.zip,7879230,1537451eb1348ce5c8f962b116fc5217,
games/mame/dbzvrvs.zip,https://archive.org/download/mame-roms-merged_/MAME%20ROMs%20%28merged%29/dbzvrvs.zip,8140032,c92ac93c71ac53125230f3264244c946,
games/mame/docastle.zip,https://archive.org/download/mame-roms-merged_/MAME%20ROMs%20%28merged%29/docastle.zip,108719,dc0e6a8a46aff4ca204d07ab50636359,
games/mame/dorunrun.zip,https://archive.org/download/mame-roms-merged_/MAME%20ROMs%20%28merged%29/dorunrun.zip,169184,ec8735bc15fe1397295903808640fbdd,
games/mame/dowild.zip,https://archive.org/download/mame-roms-merged_/MAME%20ROMs%20%28merged%29/dowild.zip,43654,d9e69a1ca465c6ca8b5c889e9b098d61,
games/mame/drifto94.zip,https://archive.org/download/mame-roms-merged_/MAME%20ROMs%20%28merged%29/drifto94.zip,21399827,62f53ccdc51574c2f580942353be6551,
games/mame/drmicro.zip,https://archive.org/download/mame-roms-merged_/MAME%20ROMs%20%28merged%29/drmicro.zip,54750,704b6d5e41ced6a59b61fef279a9a852,
games/mame/dynagear.zip,https://archive.org/download/mame-roms-merged_/MAME%20ROMs%20%28merged%29/dynagear.zip,6263138,753f03bcf7cb2874f50e706a4e973e21,
games/mame/esckids.zip,https://archive.org/download/mame-roms-merged_/MAME%20ROMs%20%28merged%29/esckids.zip,1106375,79d5d82ee0ceb63723b5fcbd9af714f0,
games/mame/ga2.zip,https://archive.org/download/mame-roms-merged_/MAME%20ROMs%20%28merged%29/ga2.zip,9209462,480ad5864963ea4acee9a641aec78fdf,
games/mame/harddunk.zip,https://archive.org/download/mame-roms-merged_/MAME%20ROMs%20%28merged%29/harddunk.zip,6506779,9dbfcde721155e32c856ae17b37c69a7,
games/mame/hardhea2.zip,https://archive.org/download/mame-roms-merged_/MAME%20ROMs%20%28merged%29/hardhea2.zip,471271,d877ec65abf71ae0ce14a9b75a7009b4,
games/mame/hardhead.zip,https://archive.org/download/mame-roms-merged_/MAME%20ROMs%20%28merged%29/hardhead.zip,287841,8b3d04c265f2ecd9d7186522eaef39d9,
games/mame/holo.zip,https://archive.org/download/mame-roms-merged_/MAME%20ROMs%20%28merged%29/holo.zip,5228168,2a17022a5dcd83918bc82d9ea195ee60,
games/mame/idsoccer.zip,https://archive.org/download/mame-roms-merged_/MAME%20ROMs%20%28merged%29/idsoccer.zip,205782,d7c5024219820bf1a48bb3305c7cf077,
games/mame/ikki.zip,https://archive.org/download/mame-roms-merged_/MAME%20ROMs%20%28merged%29/ikki.zip,103452,5bd9e5ba82403cefb4d1395627072abc,
games/mame/irobot.zip,https://archive.org/download/mame-roms-merged_/MAME%20ROMs%20%28merged%29/irobot.zip,87060,94e99c182f30191a5ab194d917732e23,
games/mame/jjack.zip,https://archive.org/download/mame-roms-merged_/MAME%20ROMs%20%28merged%29/jjack.zip,44209,f1a0bc6f256b60cdc69a8300eda9d4e2,
games/mame/jpark.zip,https://archive.org/download/mame-roms-merged_/MAME%20ROMs%20%28merged%29/jpark.zip,9816614,cec968f5f1c0161798ea6b9bc4aab36f,
games/mame/kamikcab.zip,https://archive.org/download/mame-roms-merged_/MAME%20ROMs%20%28merged%29/kamikcab.zip,109175,91b18a4e34ad8a6bcf0f836b9b945517,
games/mame/kickridr.zip,https://archive.org/download/mame-roms-merged_/MAME%20ROMs%20%28merged%29/kickridr.zip,37835,69b10861eaf60abef3edb3727296fa65,
games/mame/mslider.zip,https://archive.org/download/mame-roms-merged_/MAME%20ROMs%20%28merged%29/mslider.zip,7432840,938e7081c02a335dc28211eae10b71f8,
games/mame/narc.zip,https://archive.org/download/mame-roms-merged_/MAME%20ROMs%20%28merged%29/narc.zip,6273107,7d84f28d5c75292b5b48361acaaaf89e,
games/mame/orunners.zip,https://archive.org/download/mame-roms-merged_/MAME%20ROMs%20%28merged%29/orunners.zip,12407407,1f4ffb737569fcc4fe75f75dda478ce6,
games/mame/pigskin.zip,https://archive.org/download/mame-roms-merged_/MAME%20ROMs%20%28merged%29/pigskin.zip,831104,3084f077075c7f0f3534fd07ec7a356b,
games/mame/radm.zip,https://archive.org/download/mame-roms-merged_/MAME%20ROMs%20%28merged%29/radm.zip,5132449,b6012aa92643928ea3641c77a703d07c,
games/mame/radr.zip,https://archive.org/download/mame-roms-merged_/MAME%20ROMs%20%28merged%29/radr.zip,4804548,86722806cd222382c0b0d38eb1c07e56,
games/mame/robowres.zip,https://archive.org/download/mame-roms-merged_/MAME%20ROMs%20%28merged%29/robowres.zip,186532,6211027b4d02f4c794dd2e8f82428eec,
games/mame/scross.zip,https://archive.org/download/mame-roms-merged_/MAME%20ROMs%20%28merged%29/scross.zip,5398446,f3755401c5e39538afb1b5abed839d68,
games/mame/slipstrm.zip,https://archive.org/download/mame-roms-merged_/MAME%20ROMs%20%28merged%29/slipstrm.zip,2713573,f84a62f7d3096c818e9aa10d194dedc1,
games/mame/sonic.zip,https://archive.org/download/mame-roms-merged_/MAME%20ROMs%20%28merged%29/sonic.zip,8718189,761fc9cba9f170bf75b80a027498ab07,
games/mame/spidman.zip,https://archive.org/download/mame-roms-merged_/MAME%20ROMs%20%28merged%29/spidman.zip,6736610,1131f147380a3a02a2d181d5245adf8a,
games/mame/stmblade.zip,https://archive.org/download/mame-roms-merged_/MAME%20ROMs%20%28merged%29/stmblade.zip,7972970,5f8c2b89e1bd7420a3647e3ee3814527,
games/mame/svf.zip,https://archive.org/download/mame-roms-merged_/MAME%20ROMs%20%28merged%29/svf.zip,9347576,34c6b6d2791ca32327886f26f32d67c2,
games/mame/titlef.zip,https://archive.org/download/mame-roms-merged_/MAME%20ROMs%20%28merged%29/titlef.zip,5897492,29a766913d3cc2f3ac5aa57e6804a5af,
games/mame/twineag2.zip,https://archive.org/download/mame-roms-merged_/MAME%20ROMs%20%28merged%29/twineag2.zip,12975682,536dab0bb82100a31e2a243ff987d72e,
games/mame/ultrax.zip,https://archive.org/download/mame-roms-merged_/MAME%20ROMs%20%28merged%29/ultrax.zip,8700412,ffbd8048637b13726673d00200c60dcd,
games/mame/vasara.zip,https://archive.org/download/mame-roms-merged_/MAME%20ROMs%20%28merged%29/vasara.zip,16247072,5ea2ebf805030c099f5d227fa145489f,
games/mame/vasara2.zip,https://archive.org/download/mame-roms-merged_/MAME%20ROMs%20%28merged%29/vasara2.zip,20541683,f5048328745fc095f8753fe562f83ddb,
games/mame/xenophob.zip,https://archive.org/download/mame-roms-merged_/MAME%20ROMs%20%28merged%29/xenophob.zip,392223,46c606a74e9d5019279c984765b9e708,
games/mame/primrag2.zip,https://archive.org/download/mame-roms-merged_/MAME%20ROMs%20%28merged%29/primrag2.zip,
games/mame/primrag2.zip,https://archive.org/download/mame-roms-merged_/MAME%20ROMs%20%28merged%29/coh1000w.zip,